{
  "masked_mismatch_kl/mean": {
    "mean": 8.423292382921092,
    "median": 8.623668193817139,
    "std": 3.215422274909656,
    "min": 0.0,
    "max": 69.09469604492188,
    "final": 9.321700096130371,
    "trend": "increasing"
  },
  "mismatch_kl/median": {
    "mean": 2.3354382347611247,
    "median": 2.176425337791443,
    "std": 1.1507706480149682,
    "min": 0.0010151254246011376,
    "max": 6.152125358581543,
    "final": 1.2661404609680176,
    "trend": "increasing"
  },
  "mismatch_kl/mean": {
    "mean": 3.0257507478885817,
    "median": 3.1104848384857178,
    "std": 1.4768304734910178,
    "min": 0.001024736906401813,
    "max": 30.825349807739258,
    "final": 3.8255505561828613,
    "trend": "increasing"
  },
  "masked_mismatch_kl/median": {
    "mean": 8.211662906765937,
    "median": 8.556830406188965,
    "std": 2.5610844745644252,
    "min": 0.0,
    "max": 14.004585266113281,
    "final": 6.198946475982666,
    "trend": "increasing"
  },
  "unmasked_mismatch_kl/mean": {
    "mean": 0.0701924342570128,
    "median": 0.06585486978292465,
    "std": 0.025742915542139522,
    "min": 0.001024736906401813,
    "max": 0.16909582912921906,
    "final": 0.04183230549097061,
    "trend": "increasing"
  },
  "mismatch_kl/std": {
    "mean": 3.833613802062086,
    "median": 2.8243054151535034,
    "std": 15.011153448177566,
    "min": 0.00022028815874364227,
    "max": 459.6686096191406,
    "final": 31.012723922729492,
    "trend": "increasing"
  },
  "mismatch_kl/min": {
    "mean": 0.0,
    "median": 0.0,
    "std": 0.0,
    "min": 0.0,
    "max": 0.0,
    "final": 0.0,
    "trend": "decreasing"
  },
  "unmasked_mismatch_kl/min": {
    "mean": -3.607500209668046e-10,
    "median": 0.0,
    "std": 2.1170624259477733e-09,
    "min": -1.4901161193847656e-08,
    "max": 0.0,
    "final": 0.0,
    "trend": "decreasing"
  },
  "unmasked_mismatch_kl/max": {
    "mean": 0.5965561976694734,
    "median": 0.605924516916275,
    "std": 0.19405323114435383,
    "min": 0.0017100012628361583,
    "max": 1.9802417755126953,
    "final": 0.28223955631256104,
    "trend": "increasing"
  },
  "mismatch_kl/max": {
    "mean": 37.416147271852125,
    "median": 13.891658306121826,
    "std": 252.72163097265738,
    "min": 0.0017100012628361583,
    "max": 7694.8779296875,
    "final": 516.247314453125,
    "trend": "increasing"
  },
  "unmasked_mismatch_kl/std": {
    "mean": 0.09149034897651291,
    "median": 0.0944918729364872,
    "std": 0.024811105269105016,
    "min": 0.00022028815874364227,
    "max": 0.15233810245990753,
    "final": 0.057423125952482224,
    "trend": "increasing"
  },
  "unmasked_mismatch_kl/median": {
    "mean": 0.03581228919746354,
    "median": 0.027797071263194084,
    "std": 0.029497178246357617,
    "min": 0.0010151254246011376,
    "max": 0.14643427729606628,
    "final": 0.013814985752105713,
    "trend": "increasing"
  },
  "masked_mismatch_kl/max": {
    "mean": 104.39294119524956,
    "median": 32.32949638366699,
    "std": 580.6070512950317,
    "min": 0.0,
    "max": 16928.73046875,
    "final": 825.9236450195312,
    "trend": "increasing"
  },
  "masked_mismatch_kl/min": {
    "mean": 0.0,
    "median": 0.0,
    "std": 0.0,
    "min": 0.0,
    "max": 0.0,
    "final": 0.0,
    "trend": "decreasing"
  },
  "masked_mismatch_kl/std": {
    "mean": 9.167776514090598,
    "median": 5.926023244857788,
    "std": 34.450026164287536,
    "min": 0.0,
    "max": 1011.1827392578125,
    "final": 49.65372085571289,
    "trend": "increasing"
  }
}