{
  "_runtime": 5536.53002511,
  "_step": 999,
  "_timestamp": 1762706487.0894866,
  "_wandb": "{'runtime': 5536}",
  "entropy/max": 6.856410980224609,
  "entropy/mean": 0.21264305710792544,
  "entropy/median": 0.008129119873046875,
  "entropy/min": 0,
  "entropy/std": 0.4981938600540161,
  "inference_probs/max": 1,
  "inference_probs/mean": 0.8774257898330688,
  "inference_probs/median": 0.9987610578536988,
  "inference_probs/min": 6.994571890572843e-07,
  "inference_probs/std": 0.2507723867893219,
  "is_masked/max": 1,
  "is_masked/mean": 0.2383198589086533,
  "is_masked/median": 0,
  "is_masked/min": 0,
  "is_masked/std": 0.4261036217212677,
  "is_masked_high/max": 1,
  "is_masked_high/mean": 0.0031446542125195265,
  "is_masked_high/median": 0,
  "is_masked_high/min": 0,
  "is_masked_high/std": 0.055995263159275055,
  "is_masked_low/max": 1,
  "is_masked_low/mean": 0.2351752072572708,
  "is_masked_low/median": 0,
  "is_masked_low/min": 0,
  "is_masked_low/std": 0.4241558909416199,
  "loss/max": 0.0013272955548018215,
  "loss/mean": -3.672083767014555e-05,
  "loss/median": -3.133731274473916e-09,
  "loss/min": -0.0015735803171992302,
  "loss/std": 0.0005296044400893152,
  "masked_mismatch_kl/max": 825.9236450195312,
  "masked_mismatch_kl/mean": 9.321700096130373,
  "masked_mismatch_kl/median": 6.198946475982666,
  "masked_mismatch_kl/min": 0,
  "masked_mismatch_kl/std": 49.65372085571289,
  "mismatch_kl/max": 516.247314453125,
  "mismatch_kl/mean": 3.8255505561828618,
  "mismatch_kl/median": 1.2661404609680176,
  "mismatch_kl/min": 0,
  "mismatch_kl/std": 31.012723922729492,
  "optim/grad_norm": 0.1749037206172943,
  "optim/lr": 1e-06,
  "perf/mfu": 2.556272571301219,
  "perf/peak_memory": 11.498046875,
  "perf/throughput": 7800.187267839805,
  "perf/throughput_per_gpu": 1950.0468169599512,
  "sequence_masked_low/max": 0,
  "sequence_masked_low/mean": 0,
  "sequence_masked_low/median": 0,
  "sequence_masked_low/min": 0,
  "sequence_masked_low/std": 0,
  "step": 999,
  "time/broadcast_weights": 0.5205574035644531,
  "time/forward_backward": 2.4829530715942383,
  "time/load_data": 0.002742767333984375,
  "time/save_ckpt": 0,
  "time/save_weights": 0.5205574035644531,
  "time/step": 5.4952309131622314,
  "time/wait_for_batch": 3.000476598739624,
  "trainer_probs/max": 1,
  "trainer_probs/mean": 0.7155964970588684,
  "trainer_probs/median": 0.9983676075935364,
  "trainer_probs/min": 5.191159771324389e-23,
  "trainer_probs/std": 0.42753174901008606,
  "unmasked_mismatch_kl/max": 0.28223955631256104,
  "unmasked_mismatch_kl/mean": 0.04183230549097061,
  "unmasked_mismatch_kl/median": 0.013814985752105711,
  "unmasked_mismatch_kl/min": 0,
  "unmasked_mismatch_kl/std": 0.057423125952482224
}