{"env/all/ledger/pattern_raw":0,"env/all/turns_per_episode":1,"test/env/all/ledger/difficulty_multiplier":1.2,"time/run_evals":16.888896465301514,"test/env/all/ledger/char_overlap_norm":0.608505320881114,"test/env/all/turns_per_episode":1,"env/all/ledger/length_penalty_raw":1,"_runtime":8178.2725114,"env/all/total_ac_tokens":2204,"test/env/all/ledger/pattern_raw":0,"test/env/all/ledger/length_penalty_norm":0.9894363198238435,"test/env/all/reward/total":0.3509914452667115,"test/env/all/ac_tokens_per_turn":10.387523629489603,"test/env/all/ledger/w_affix":0.09999999999999999,"test/env/all/ledger/w_length":0.15,"test/env/all/ledger/affix_raw":0.9689666036546942,"test/env/all/ledger/exact_match_norm":0.1880907372400756,"env/all/ledger/w_exact":0.39999999999999997,"env/all/ledger/exact_match_raw":0.1,"env/all/by_group/frac_all_bad":0.2,"test/env/all/ledger/affix_norm":0.9689666036546942,"env/all/ledger/w_length":0.14999999999999997,"_step":297,"progress/done_frac":1,"_timestamp":1.7635238089001257e+09,"env/all/ledger/exact_match_norm":0.1,"env/all/ob_tokens_per_turn":124.4,"time/assemble_training_data":0.0951545238494873,"test/env/all/by_group/frac_mixed":0,"time/train":4.077873468399048,"env/all/ledger/w_affix":0.09999999999999999,"test/env/all/ledger/char_overlap_raw":0.608505320881114,"env/all/reward/scalar":0.3223964794534111,"test/env/all/total_turns":1058,"test/env/all/ledger/exact_match_raw":0.1880907372400756,"test/env/all/by_group/frac_all_good":0.1880907372400756,"env/all/ledger/w_pattern":0.14999999999999997,"env/all/ledger/reward_scalar":0.3223964794534111,"test/env/all/by_group/frac_all_bad":0.8119092627599244,"test/env/all/ledger/parse_success":1,"env/all/ledger/w_char":0.19999999999999998,"time/compute_kl_sample_train":0.03349471092224121,"optim/entropy":0.20855781435966492,"progress/batch":297,"test/env/all/total_ac_tokens":10990,"env/all/ledger/char_overlap_raw":0.6433186643892129,"env/all/reward/total":0.3223964794534111,"test/env/all/ledger/pattern_norm":0,"env/all/total_turns":160,"test/env/all/ledger/composite_pre":0.29383401943772247,"env/all/ledger/composite_predicted":0.3223964794534111,"time/total":15.602826118469238,"_wandb":{"runtime":8178},"env/all/total_ob_tokens":19904,"test/env/all/total_ob_tokens":133431,"env/all/by_group/frac_mixed":0.7,"env/all/ledger/affix_norm":1,"test/env/all/ledger/composite_with_length":0.2924928710555929,"time/save_checkpoint":2.753261089324951,"env/all/ledger/difficulty_multiplier":1.1999999999999997,"test/env/all/reward/scalar":0.3509914452667115,"test/env/all/ledger/w_char":0.19999999999999998,"test/env/all/ledger/w_exact":0.39999999999999997,"env/all/ledger/parse_success":1,"optim/kl_sample_train_v2":0.00490689417347312,"test/env/all/ledger/composite_predicted":0.3509914452667115,"env/all/by_group/frac_all_good":0.1,"env/all/ledger/length_penalty_norm":1,"env/all/ledger/char_overlap_norm":0.6433186643892129,"env/all/ac_tokens_per_turn":13.775,"env/all/ledger/composite_pre":0.2686637328778426,"env/all/ledger/affix_raw":1,"env/all/ledger/composite_with_length":0.2686637328778426,"env/all/ledger/pattern_norm":0,"test/env/all/ledger/w_pattern":0.15,"test/env/all/ledger/length_penalty_raw":0.9894363198238435,"env/all/total_episodes":160,"optim/kl_sample_train_v1":0.006897257640957832,"test/env/all/ob_tokens_per_turn":126.11625708884688,"optim/lr":4e-05,"test/env/all/total_episodes":1058,"test/env/all/ledger/reward_scalar":0.3509914452667115}