{"optim/kl_sample_train_v2":0.010760458186268806,"env/all/ledger/affix_raw":1,"_wandb":{"runtime":37066},"time/compute_kl_sample_train":0.06796598434448242,"test/env/all/ledger/composite_predicted":0.3591535469968467,"test/env/all/ledger/char_overlap_raw":0.6163242053211762,"env/all/ledger/w_char":0.19999999999999998,"test/env/all/reward/scalar":0.3591535469968467,"env/all/ledger/w_affix":0.09999999999999999,"optim/entropy":0.1895420104265213,"_timestamp":1.763611278383059e+09,"env/all/total_ac_tokens":2125,"time/train":152.00600242614746,"test/env/all/ledger/length_penalty_raw":0.9897683000405529,"time/assemble_training_data":0.07598376274108887,"env/all/ledger/composite_predicted":0.3166130417753579,"env/all/reward/scalar":0.3166130417753579,"env/all/ledger/w_exact":0.39999999999999997,"test/env/all/by_group/frac_all_good":0.2003780718336484,"time/run_evals":78.9813404083252,"env/all/ledger/exact_match_raw":0.1,"env/all/ledger/w_pattern":0.14999999999999997,"env/all/turns_per_episode":1,"env/all/by_group/frac_all_good":0.1,"test/env/all/ledger/reward_scalar":0.3591535469968467,"env/all/ledger/composite_with_length":0.26384420147946497,"test/env/all/by_group/frac_all_bad":0.7996219281663516,"test/env/all/ac_tokens_per_turn":10.30718336483932,"progress/batch":198,"env/all/ledger/difficulty_multiplier":1.1999999999999997,"env/all/ledger/length_penalty_raw":1,"env/all/ledger/composite_pre":0.26384420147946497,"test/env/all/ledger/w_affix":0.09999999999999999,"_step":198,"test/env/all/ledger/affix_raw":0.9735349716446124,"test/env/all/ledger/exact_match_norm":0.2003780718336484,"optim/lr":4e-05,"env/all/by_group/frac_all_bad":0.3,"test/env/all/total_turns":1058,"test/env/all/ob_tokens_per_turn":126.11625708884688,"test/env/all/ledger/w_length":0.15,"test/env/all/ledger/affix_norm":0.9735349716446124,"env/all/ledger/length_penalty_norm":1,"env/all/by_group/frac_mixed":0.6,"test/env/all/by_group/frac_mixed":0,"env/all/ledger/pattern_raw":0,"test/env/all/ledger/w_pattern":0.15,"progress/done_frac":1,"time/save_checkpoint":28.322879314422607,"env/all/total_episodes":160,"test/env/all/ledger/exact_match_raw":0.2003780718336484,"test/env/all/ledger/pattern_raw":0,"test/env/all/turns_per_episode":1,"test/env/all/ledger/w_exact":0.39999999999999997,"env/all/ledger/char_overlap_norm":0.6192210073973247,"env/all/ledger/reward_scalar":0.3166130417753579,"test/env/all/ledger/parse_success":1,"test/env/all/ledger/pattern_norm":0,"test/env/all/total_ac_tokens":10905,"env/all/ledger/parse_success":1,"time/total":228.7963318824768,"test/env/all/ledger/length_penalty_norm":0.9897683000405529,"optim/kl_sample_train_v1":0.009169792756438255,"test/env/all/ledger/difficulty_multiplier":1.2,"env/all/ledger/affix_norm":1,"test/env/all/total_ob_tokens":133431,"env/all/ledger/char_overlap_raw":0.6192210073973247,"test/env/all/total_episodes":1058,"test/env/all/ledger/composite_pre":0.3007695669621559,"env/all/ob_tokens_per_turn":124.4,"test/env/all/ledger/composite_with_length":0.2992946224973723,"env/all/ledger/exact_match_norm":0.1,"env/all/total_ob_tokens":19904,"env/all/reward/total":0.3166130417753579,"env/all/total_turns":160,"test/env/all/reward/total":0.3591535469968467,"env/all/ac_tokens_per_turn":13.28125,"test/env/all/ledger/char_overlap_norm":0.6163242053211762,"test/env/all/ledger/w_char":0.19999999999999998,"env/all/ledger/pattern_norm":0,"env/all/ledger/w_length":0.14999999999999997,"_runtime":37066.5211014}